

-- This is a comment. A comment starts with two dashes
-- Throughout the script please read comments.

-- In Postgresql, we put the table name inside quotes if there are any special characters such as -.+ in the name.
-- Another use case is to prevent Postgres interpreting UniT as unit, since SQL is case insensitive.
-- Create Table "UniT" will create a table called "UniT". To call this table, you need to always use "UniT"
-- Create Table UniT will create a table called unit.
-- Same concept also works for column naming as well.

-- Creating configuration table
create table configuration
(
    config varchar(3) primary key not null,
    cpu integer,
    memory integer,
    hd integer,
    speed integer
);


-- Creating unit table
create table unit
(
    unitno integer primary key not null,
    type varchar(2),
    config varchar(3),
    position integer,
    constraint unit_configuration_name_fk
    foreign key (config)
    references configuration (config)
);

-- Creating price table
create table price
(
    config varchar(3),
    startdate date,
    enddate date,
    rent integer,
    constraint price_configuration_name_fk
    foreign key (config)
    references configuration (config)
);


-- Creating rentals table
create table rentals
(
    rentid integer primary key not null,
    unitno integer,
    startdate date,
    enddate date,
    constraint rentals_unit_unitno_fk
    foreign key (unitno)
    references unit (unitno)
);


--region Insert configuration table
INSERT INTO Configuration
    (Config, CPU, Memory, HD, Speed)
VALUES
    ('XS1', 1, 1, 16, 250),
    ('XS2', 1, 1, 32, 300),
    ('S1', 2, 1, 64, 325),
    ('S2', 2, 2, 64, 375),
    ('S3', 2, 4, 128, 450),
    ('M1', 4, 8, 64, 550),
    ('M2', 4, 8, 64, 650),
    ('M3', 6, 16, 256, 750),
    ('M4', 6, 32, 512, 850),
    ('L1', 8, 64, 1024, 950),
    ('L2', 12, 128, 2048, 1250)
;
--endregion

--region Insert records to the unit table
INSERT INTO Unit
    (UnitNo, Type, Config, Position)
VALUES
    (1101, 'XS', 'XS1', 1),
    (1201, 'XS', 'XS1', 2),
    (1301, 'XS', 'XS1', 3),
    (1401, 'XS', 'XS1', 4),
    (1501, 'XS', 'XS1', 5),
    (1601, 'XS', 'XS1', 6),
    (2101, 'XS', 'XS1', 1),
    (2201, 'XS', 'XS1', 2),
    (2301, 'XS', 'XS1', 3),
    (2401, 'XS', 'XS1', 4),
    (2501, 'XS', 'XS1', 5),
    (2601, 'XS', 'XS1', 6),
    (3101, 'XS', 'XS1', 1),
    (3201, 'XS', 'XS1', 2),
    (3301, 'XS', 'XS1', 3),
    (3401, 'XS', 'XS1', 4),
    (3501, 'XS', 'XS1', 5),
    (3601, 'XS', 'XS1', 6),
    (4101, 'XS', 'XS1', 1),
    (4201, 'XS', 'XS1', 2),
    (4301, 'XS', 'XS1', 3),
    (4401, 'XS', 'XS1', 4),
    (4501, 'XS', 'XS1', 5),
    (4601, 'XS', 'XS1', 6),
    (5101, 'XS', 'XS1', 1),
    (5201, 'XS', 'XS1', 2),
    (5301, 'XS', 'XS1', 3),
    (5401, 'XS', 'XS1', 4),
    (5501, 'XS', 'XS1', 5),
    (5601, 'XS', 'XS1', 6),
    (1102, 'XS', 'XS2', 1),
    (1202, 'XS', 'XS2', 2),
    (1302, 'XS', 'XS2', 3),
    (1402, 'XS', 'XS2', 4),
    (1502, 'XS', 'XS2', 5),
    (1602, 'XS', 'XS2', 6),
    (2102, 'XS', 'XS2', 1),
    (2202, 'XS', 'XS2', 2),
    (2302, 'XS', 'XS2', 3),
    (2402, 'XS', 'XS2', 4),
    (2502, 'XS', 'XS2', 5),
    (2602, 'XS', 'XS2', 6),
    (3102, 'XS', 'XS2', 1),
    (3202, 'XS', 'XS2', 2),
    (3302, 'XS', 'XS2', 3),
    (3402, 'XS', 'XS2', 4),
    (3502, 'XS', 'XS2', 5),
    (3602, 'XS', 'XS2', 6),
    (4102, 'XS', 'XS2', 1),
    (4202, 'XS', 'XS2', 2),
    (4302, 'XS', 'XS2', 3),
    (4402, 'XS', 'XS2', 4),
    (4502, 'XS', 'XS2', 5),
    (4602, 'XS', 'XS2', 6),
    (5102, 'XS', 'XS2', 1),
    (5202, 'XS', 'XS2', 2),
    (5302, 'XS', 'XS2', 3),
    (5402, 'XS', 'XS2', 4),
    (5502, 'XS', 'XS2', 5),
    (5602, 'XS', 'XS2', 6),
    (1103, 'S', 'S1', 1),
    (1203, 'S', 'S1', 2),
    (1303, 'S', 'S1', 3),
    (1403, 'S', 'S1', 4),
    (1503, 'S', 'S1', 5),
    (1603, 'S', 'S1', 6),
    (2103, 'S', 'S1', 1),
    (2203, 'S', 'S1', 2),
    (2303, 'S', 'S1', 3),
    (2403, 'S', 'S1', 4),
    (2503, 'S', 'S1', 5),
    (2603, 'S', 'S1', 6),
    (3103, 'S', 'S1', 1),
    (3203, 'S', 'S1', 2),
    (3303, 'S', 'S1', 3),
    (3403, 'S', 'S1', 4),
    (3503, 'S', 'S1', 5),
    (3603, 'S', 'S1', 6),
    (4103, 'S', 'S1', 1),
    (4203, 'S', 'S1', 2),
    (4303, 'S', 'S1', 3),
    (4403, 'S', 'S1', 4),
    (4503, 'S', 'S1', 5),
    (4603, 'S', 'S1', 6),
    (5103, 'S', 'S1', 1),
    (5203, 'S', 'S1', 2),
    (5303, 'S', 'S1', 3),
    (5403, 'S', 'S1', 4),
    (5503, 'S', 'S1', 5),
    (5603, 'S', 'S1', 6),
    (1104, 'S', 'S2', 1),
    (1204, 'S', 'S2', 2),
    (1304, 'S', 'S2', 3),
    (1404, 'S', 'S2', 4),
    (1504, 'S', 'S2', 5),
    (1604, 'S', 'S2', 6),
    (2104, 'S', 'S2', 1),
    (2204, 'S', 'S2', 2),
    (2304, 'S', 'S2', 3),
    (2404, 'S', 'S2', 4),
    (2504, 'S', 'S2', 5),
    (2604, 'S', 'S2', 6),
    (3104, 'S', 'S2', 1),
    (3204, 'S', 'S2', 2),
    (3304, 'S', 'S2', 3),
    (3404, 'S', 'S2', 4),
    (3504, 'S', 'S2', 5),
    (3604, 'S', 'S2', 6),
    (4104, 'S', 'S2', 1),
    (4204, 'S', 'S2', 2),
    (4304, 'S', 'S2', 3),
    (4404, 'S', 'S2', 4),
    (4504, 'S', 'S2', 5),
    (4604, 'S', 'S2', 6),
    (5104, 'S', 'S2', 1),
    (5204, 'S', 'S2', 2),
    (5304, 'S', 'S2', 3),
    (5404, 'S', 'S2', 4),
    (5504, 'S', 'S2', 5),
    (5604, 'S', 'S2', 6),
    (1105, 'S', 'S3', 1),
    (1205, 'S', 'S3', 2),
    (1305, 'S', 'S3', 3),
    (1405, 'S', 'S3', 4),
    (1505, 'S', 'S3', 5),
    (1605, 'S', 'S3', 6),
    (2105, 'S', 'S3', 1),
    (2205, 'S', 'S3', 2),
    (2305, 'S', 'S3', 3),
    (2405, 'S', 'S3', 4),
    (2505, 'S', 'S3', 5),
    (2605, 'S', 'S3', 6),
    (3105, 'S', 'S3', 1),
    (3205, 'S', 'S3', 2),
    (3305, 'S', 'S3', 3),
    (3405, 'S', 'S3', 4),
    (3505, 'S', 'S3', 5),
    (3605, 'S', 'S3', 6),
    (4105, 'S', 'S3', 1),
    (4205, 'S', 'S3', 2),
    (4305, 'S', 'S3', 3),
    (4405, 'S', 'S3', 4),
    (4505, 'S', 'S3', 5),
    (4605, 'S', 'S3', 6),
    (5105, 'S', 'S3', 1),
    (5205, 'S', 'S3', 2),
    (5305, 'S', 'S3', 3),
    (5405, 'S', 'S3', 4),
    (5505, 'S', 'S3', 5),
    (5605, 'S', 'S3', 6),
    (1106, 'M', 'M1', 1),
    (1206, 'M', 'M1', 2),
    (1306, 'M', 'M1', 3),
    (1406, 'M', 'M1', 4),
    (1506, 'M', 'M1', 5),
    (1606, 'M', 'M1', 6),
    (2106, 'M', 'M1', 1),
    (2206, 'M', 'M1', 2),
    (2306, 'M', 'M1', 3),
    (2406, 'M', 'M1', 4),
    (2506, 'M', 'M1', 5),
    (2606, 'M', 'M1', 6),
    (3106, 'M', 'M1', 1),
    (3206, 'M', 'M1', 2),
    (3306, 'M', 'M1', 3),
    (3406, 'M', 'M1', 4),
    (3506, 'M', 'M1', 5),
    (3606, 'M', 'M1', 6),
    (4106, 'M', 'M1', 1),
    (4206, 'M', 'M1', 2),
    (4306, 'M', 'M1', 3),
    (4406, 'M', 'M1', 4),
    (4506, 'M', 'M1', 5),
    (4606, 'M', 'M1', 6),
    (5106, 'M', 'M1', 1),
    (5206, 'M', 'M1', 2),
    (5306, 'M', 'M1', 3),
    (5406, 'M', 'M1', 4),
    (5506, 'M', 'M1', 5),
    (5606, 'M', 'M1', 6),
    (1107, 'M', 'M2', 1),
    (1207, 'M', 'M2', 2),
    (1307, 'M', 'M2', 3),
    (1407, 'M', 'M2', 4),
    (1507, 'M', 'M2', 5),
    (1607, 'M', 'M2', 6),
    (2107, 'M', 'M2', 1),
    (2207, 'M', 'M2', 2),
    (2307, 'M', 'M2', 3),
    (2407, 'M', 'M2', 4),
    (2507, 'M', 'M2', 5),
    (2607, 'M', 'M2', 6),
    (3107, 'M', 'M2', 1),
    (3207, 'M', 'M2', 2),
    (3307, 'M', 'M2', 3),
    (3407, 'M', 'M2', 4),
    (3507, 'M', 'M2', 5),
    (3607, 'M', 'M2', 6),
    (4107, 'M', 'M2', 1),
    (4207, 'M', 'M2', 2),
    (4307, 'M', 'M2', 3),
    (4407, 'M', 'M2', 4),
    (4507, 'M', 'M2', 5),
    (4607, 'M', 'M2', 6),
    (5107, 'M', 'M2', 1),
    (5207, 'M', 'M2', 2),
    (5307, 'M', 'M2', 3),
    (5407, 'M', 'M2', 4),
    (5507, 'M', 'M2', 5),
    (5607, 'M', 'M2', 6),
    (1108, 'M', 'M3', 1),
    (1208, 'M', 'M3', 2),
    (1308, 'M', 'M3', 3),
    (1408, 'M', 'M3', 4),
    (1508, 'M', 'M3', 5),
    (1608, 'M', 'M3', 6),
    (2108, 'M', 'M3', 1),
    (2208, 'M', 'M3', 2),
    (2308, 'M', 'M3', 3),
    (2408, 'M', 'M3', 4),
    (2508, 'M', 'M3', 5),
    (2608, 'M', 'M3', 6),
    (3108, 'M', 'M3', 1),
    (3208, 'M', 'M3', 2),
    (3308, 'M', 'M3', 3),
    (3408, 'M', 'M3', 4),
    (3508, 'M', 'M3', 5),
    (3608, 'M', 'M3', 6),
    (4108, 'M', 'M3', 1),
    (4208, 'M', 'M3', 2),
    (4308, 'M', 'M3', 3),
    (4408, 'M', 'M3', 4),
    (4508, 'M', 'M3', 5),
    (4608, 'M', 'M3', 6),
    (5108, 'M', 'M3', 1),
    (5208, 'M', 'M3', 2),
    (5308, 'M', 'M3', 3),
    (5408, 'M', 'M3', 4),
    (5508, 'M', 'M3', 5),
    (5608, 'M', 'M3', 6),
    (1109, 'M', 'M4', 1),
    (1209, 'M', 'M4', 2),
    (1309, 'M', 'M4', 3),
    (1409, 'M', 'M4', 4),
    (1509, 'M', 'M4', 5),
    (1609, 'M', 'M4', 6),
    (2109, 'M', 'M4', 1),
    (2209, 'M', 'M4', 2),
    (2309, 'M', 'M4', 3),
    (2409, 'M', 'M4', 4),
    (2509, 'M', 'M4', 5),
    (2609, 'M', 'M4', 6),
    (3109, 'M', 'M4', 1),
    (3209, 'M', 'M4', 2),
    (3309, 'M', 'M4', 3),
    (3409, 'M', 'M4', 4),
    (3509, 'M', 'M4', 5),
    (3609, 'M', 'M4', 6),
    (4109, 'M', 'M4', 1),
    (4209, 'M', 'M4', 2),
    (4309, 'M', 'M4', 3),
    (4409, 'M', 'M4', 4),
    (4509, 'M', 'M4', 5),
    (4609, 'M', 'M4', 6),
    (5109, 'M', 'M4', 1),
    (5209, 'M', 'M4', 2),
    (5309, 'M', 'M4', 3),
    (5409, 'M', 'M4', 4),
    (5509, 'M', 'M4', 5),
    (5609, 'M', 'M4', 6),
    (1110, 'L', 'L1', 1),
    (1210, 'L', 'L1', 2),
    (1310, 'L', 'L1', 3),
    (1410, 'L', 'L1', 4),
    (1510, 'L', 'L1', 5),
    (1610, 'L', 'L1', 6),
    (2110, 'L', 'L1', 1),
    (2210, 'L', 'L1', 2),
    (2310, 'L', 'L1', 3),
    (2410, 'L', 'L1', 4),
    (2510, 'L', 'L1', 5),
    (2610, 'L', 'L1', 6),
    (3110, 'L', 'L1', 1),
    (3210, 'L', 'L1', 2),
    (3310, 'L', 'L1', 3),
    (3410, 'L', 'L1', 4),
    (3510, 'L', 'L1', 5),
    (3610, 'L', 'L1', 6),
    (4110, 'L', 'L1', 1),
    (4210, 'L', 'L1', 2),
    (4310, 'L', 'L1', 3),
    (4410, 'L', 'L1', 4),
    (4510, 'L', 'L1', 5),
    (4610, 'L', 'L1', 6),
    (5110, 'L', 'L1', 1),
    (5210, 'L', 'L1', 2),
    (5310, 'L', 'L1', 3),
    (5410, 'L', 'L1', 4),
    (5510, 'L', 'L1', 5),
    (5610, 'L', 'L1', 6),
    (1111, 'L', 'L2', 1),
    (1211, 'L', 'L2', 2),
    (1311, 'L', 'L2', 3),
    (1411, 'L', 'L2', 4),
    (1511, 'L', 'L2', 5),
    (1611, 'L', 'L2', 6),
    (2111, 'L', 'L2', 1),
    (2211, 'L', 'L2', 2),
    (2311, 'L', 'L2', 3),
    (2411, 'L', 'L2', 4),
    (2511, 'L', 'L2', 5),
    (2611, 'L', 'L2', 6),
    (3111, 'L', 'L2', 1),
    (3211, 'L', 'L2', 2),
    (3311, 'L', 'L2', 3),
    (3411, 'L', 'L2', 4),
    (3511, 'L', 'L2', 5),
    (3611, 'L', 'L2', 6),
    (4111, 'L', 'L2', 1),
    (4211, 'L', 'L2', 2),
    (4311, 'L', 'L2', 3),
    (4411, 'L', 'L2', 4),
    (4511, 'L', 'L2', 5),
    (4611, 'L', 'L2', 6),
    (5111, 'L', 'L2', 1),
    (5211, 'L', 'L2', 2),
    (5311, 'L', 'L2', 3),
    (5411, 'L', 'L2', 4),
    (5511, 'L', 'L2', 5),
    (5611, 'L', 'L2', 6)
;
--endregion

--region Insert records to the price table
INSERT INTO Price
    (Config, StartDate, EndDate, Rent)
VALUES
    ('XS1', '2015-04-30', '2015-05-30', 74),
    ('XS2', '2015-04-30', '2015-05-30', 85),
    ('S1', '2015-04-30', '2015-05-30', 85),
    ('S2', '2015-04-30', '2015-05-30', 94),
    ('S3', '2015-04-30', '2015-05-30', 106),
    ('M1', '2015-04-30', '2015-05-30', 128),
    ('M2', '2015-04-30', '2015-05-30', 140),
    ('M3', '2015-04-30', '2015-05-30', 149),
    ('M4', '2015-04-30', '2015-05-30', 156),
    ('L1', '2015-04-30', '2015-05-30', 176),
    ('L2', '2015-04-30', '2015-05-30', 182),
    ('XS1', '2015-05-31', '2015-06-29', 72),
    ('XS2', '2015-05-31', '2015-06-29', 83),
    ('S1', '2015-05-31', '2015-06-29', 88),
    ('S2', '2015-05-31', '2015-06-29', 98),
    ('S3', '2015-05-31', '2015-06-29', 111),
    ('M1', '2015-05-31', '2015-06-29', 131),
    ('M2', '2015-05-31', '2015-06-29', 143),
    ('M3', '2015-05-31', '2015-06-29', 153),
    ('M4', '2015-05-31', '2015-06-29', 160),
    ('L1', '2015-05-31', '2015-06-29', 162),
    ('L2', '2015-05-31', '2015-06-29', 168),
    ('XS1', '2015-06-30', '2015-07-30', 74),
    ('XS2', '2015-06-30', '2015-07-30', 85),
    ('S1', '2015-06-30', '2015-07-30', 90),
    ('S2', '2015-06-30', '2015-07-30', 100),
    ('S3', '2015-06-30', '2015-07-30', 113),
    ('M1', '2015-06-30', '2015-07-30', 128),
    ('M2', '2015-06-30', '2015-07-30', 140),
    ('M3', '2015-06-30', '2015-07-30', 149),
    ('M4', '2015-06-30', '2015-07-30', 156),
    ('L1', '2015-06-30', '2015-07-30', 177),
    ('L2', '2015-06-30', '2015-07-30', 183),
    ('XS1', '2015-07-31', '2015-08-30', 74),
    ('XS2', '2015-07-31', '2015-08-30', 85),
    ('S1', '2015-07-31', '2015-08-30', 90),
    ('S2', '2015-07-31', '2015-08-30', 100),
    ('S3', '2015-07-31', '2015-08-30', 113),
    ('M1', '2015-07-31', '2015-08-30', 128),
    ('M2', '2015-07-31', '2015-08-30', 139),
    ('M3', '2015-07-31', '2015-08-30', 148),
    ('M4', '2015-07-31', '2015-08-30', 155),
    ('L1', '2015-07-31', '2015-08-30', 171),
    ('L2', '2015-07-31', '2015-08-30', 177),
    ('XS1', '2015-08-31', '2015-09-29', 72),
    ('XS2', '2015-08-31', '2015-09-29', 83),
    ('S1', '2015-08-31', '2015-09-29', 88),
    ('S2', '2015-08-31', '2015-09-29', 98),
    ('S3', '2015-08-31', '2015-09-29', 111),
    ('M1', '2015-08-31', '2015-09-29', 125),
    ('M2', '2015-08-31', '2015-09-29', 136),
    ('M3', '2015-08-31', '2015-09-29', 145),
    ('M4', '2015-08-31', '2015-09-29', 152),
    ('L1', '2015-08-31', '2015-09-29', 157),
    ('L2', '2015-08-31', '2015-09-29', 162),
    ('XS1', '2015-09-30', '2015-10-30', 70),
    ('XS2', '2015-09-30', '2015-10-30', 81),
    ('S1', '2015-09-30', '2015-10-30', 86),
    ('S2', '2015-09-30', '2015-10-30', 95),
    ('S3', '2015-09-30', '2015-10-30', 108),
    ('M1', '2015-09-30', '2015-10-30', 121),
    ('M2', '2015-09-30', '2015-10-30', 132),
    ('M3', '2015-09-30', '2015-10-30', 141),
    ('M4', '2015-09-30', '2015-10-30', 148),
    ('L1', '2015-09-30', '2015-10-30', 152),
    ('L2', '2015-09-30', '2015-10-30', 158),
    ('XS1', '2015-10-31', '2015-11-29', 68),
    ('XS2', '2015-10-31', '2015-11-29', 78),
    ('S1', '2015-10-31', '2015-11-29', 83),
    ('S2', '2015-10-31', '2015-11-29', 92),
    ('S3', '2015-10-31', '2015-11-29', 104),
    ('M1', '2015-10-31', '2015-11-29', 118),
    ('M2', '2015-10-31', '2015-11-29', 129),
    ('M3', '2015-10-31', '2015-11-29', 137),
    ('M4', '2015-10-31', '2015-11-29', 144),
    ('L1', '2015-10-31', '2015-11-29', 148),
    ('L2', '2015-10-31', '2015-11-29', 153),
    ('XS1', '2015-11-30', '2015-12-30', 66),
    ('XS2', '2015-11-30', '2015-12-30', 77),
    ('S1', '2015-11-30', '2015-12-30', 81),
    ('S2', '2015-11-30', '2015-12-30', 90),
    ('S3', '2015-11-30', '2015-12-30', 102),
    ('M1', '2015-11-30', '2015-12-30', 115),
    ('M2', '2015-11-30', '2015-12-30', 126),
    ('M3', '2015-11-30', '2015-12-30', 134),
    ('M4', '2015-11-30', '2015-12-30', 140),
    ('L1', '2015-11-30', '2015-12-30', 145),
    ('L2', '2015-11-30', '2015-12-30', 150),
    ('XS1', '2015-12-31', '2016-01-30', 66),
    ('XS2', '2015-12-31', '2016-01-30', 76),
    ('S1', '2015-12-31', '2016-01-30', 80),
    ('S2', '2015-12-31', '2016-01-30', 89),
    ('S3', '2015-12-31', '2016-01-30', 101),
    ('M1', '2015-12-31', '2016-01-30', 114),
    ('M2', '2015-12-31', '2016-01-30', 124),
    ('M3', '2015-12-31', '2016-01-30', 132),
    ('M4', '2015-12-31', '2016-01-30', 138),
    ('L1', '2015-12-31', '2016-01-30', 143),
    ('L2', '2015-12-31', '2016-01-30', 148),
    ('XS1', '2016-01-31', '2016-02-28', 65),
    ('XS2', '2016-01-31', '2016-02-28', 75),
    ('S1', '2016-01-31', '2016-02-28', 80),
    ('S2', '2016-01-31', '2016-02-28', 89),
    ('S3', '2016-01-31', '2016-02-28', 101),
    ('M1', '2016-01-31', '2016-02-28', 114),
    ('M2', '2016-01-31', '2016-02-28', 124),
    ('M3', '2016-01-31', '2016-02-28', 132),
    ('M4', '2016-01-31', '2016-02-28', 138),
    ('L1', '2016-01-31', '2016-02-28', 143),
    ('L2', '2016-01-31', '2016-02-28', 148),
    ('XS1', '2016-02-29', '2016-03-30', 66),
    ('XS2', '2016-02-29', '2016-03-30', 77),
    ('S1', '2016-02-29', '2016-03-30', 81),
    ('S2', '2016-02-29', '2016-03-30', 90),
    ('S3', '2016-02-29', '2016-03-30', 102),
    ('M1', '2016-02-29', '2016-03-30', 115),
    ('M2', '2016-02-29', '2016-03-30', 126),
    ('M3', '2016-02-29', '2016-03-30', 134),
    ('M4', '2016-02-29', '2016-03-30', 140),
    ('L1', '2016-02-29', '2016-03-30', 145),
    ('L2', '2016-02-29', '2016-03-30', 150),
    ('XS1', '2016-03-31', '2016-04-29', 69),
    ('XS2', '2016-03-31', '2016-04-29', 79),
    ('S1', '2016-03-31', '2016-04-29', 84),
    ('S2', '2016-03-31', '2016-04-29', 93),
    ('S3', '2016-03-31', '2016-04-29', 106),
    ('M1', '2016-03-31', '2016-04-29', 119),
    ('M2', '2016-03-31', '2016-04-29', 130),
    ('M3', '2016-03-31', '2016-04-29', 139),
    ('M4', '2016-03-31', '2016-04-29', 145),
    ('L1', '2016-03-31', '2016-04-29', 150),
    ('L2', '2016-03-31', '2016-04-29', 155)
;
--endregion

--region Insert records to the rentals table
INSERT INTO Rentals
    (RentId, UnitNo, StartDate, EndDate)
VALUES
    (12435,1101, '2014-11-03','2015-07-04'),
    (12436,1201, '2013-09-25','2015-05-26'),
    (12437,1301, '2013-02-09','2015-06-10'),
    (12438,1501, '2014-10-20','2015-06-21'),
    (12439,1601, '2013-03-20','2015-07-21'),
    (12440,2101, '2013-09-05','2015-05-06'),
    (12441,2201, '2013-02-02','2015-06-03'),
    (12442,2501, '2013-03-30','2015-07-31'),
    (12443,2601, '2013-04-17','2015-08-18'),
    (12444,3101, '2014-05-01','2015-05-02'),
    (12445,3201, '2012-10-02','2015-06-03'),
    (12446,3301, '2014-06-01','2015-06-02'),
    (12447,3401, '2014-05-15','2015-05-16'),
    (12448,3501, '2012-08-15','2015-08-16'),
    (12449,3601, '2013-09-24','2015-05-25'),
    (12450,4101, '2015-02-14','2015-06-15'),
    (12451,4201, '2014-02-14','2015-06-15'),
    (12452,4301, '2012-10-10','2015-06-11'),
    (12453,4401, '2014-03-08','2015-07-09'),
    (12454,4601, '2014-04-20','2015-08-21'),
    (12455,5101, '2014-06-11','2015-06-12'),
    (12456,5201, '2013-11-25','2015-07-26'),
    (12457,5301, '2015-02-15','2015-06-16'),
    (12458,5401, '2013-03-25','2015-07-26'),
    (12459,5501, '2013-03-08','2015-07-09'),
    (12460,5601, '2015-01-22','2015-05-23'),
    (12461,1102, '2014-10-29','2015-06-30'),
    (12462,1202, '2014-07-30','2015-07-31'),
    (12463,1302, '2014-09-10','2015-05-11'),
    (12464,1502, '2015-01-17','2015-05-18'),
    (12465,1602, '2014-07-10','2015-07-11'),
    (12466,2102, '2014-04-15','2015-08-16'),
    (12467,2202, '2014-04-14','2015-08-15'),
    (12468,2302, '2013-04-12','2015-08-13'),
    (12469,2402, '2014-05-13','2015-05-14'),
    (12470,2502, '2014-11-01','2015-07-02'),
    (12471,2602, '2013-09-13','2015-05-14'),
    (12472,3102, '2013-07-13','2015-07-14'),
    (12473,3202, '2013-06-04','2015-06-05'),
    (12474,3302, '2014-06-04','2015-06-05'),
    (12475,3402, '2013-10-05','2015-06-06'),
    (12476,3502, '2012-10-29','2015-06-30'),
    (12477,3602, '2013-12-31','2015-05-01'),
    (12478,4102, '2013-05-08','2015-05-09'),
    (12479,4402, '2015-01-04','2015-05-05'),
    (12480,4502, '2013-04-08','2015-08-09'),
    (12481,4602, '2014-08-14','2015-08-15'),
    (12482,5102, '2013-09-20','2015-05-21'),
    (12483,5202, '2015-04-14','2015-08-15'),
    (12484,5302, '2013-05-14','2015-05-15'),
    (12485,5402, '2013-01-15','2015-05-16'),
    (12486,5502, '2014-06-06','2015-06-07'),
    (12487,5602, '2014-07-20','2015-07-21'),
    (12488,1103, '2012-08-21','2015-08-22'),
    (12489,1203, '2014-06-28','2015-06-29'),
    (12490,1303, '2014-07-24','2015-07-25'),
    (12491,1403, '2012-12-03','2015-08-04'),
    (12492,1503, '2012-10-28','2015-06-29'),
    (12493,2103, '2013-09-26','2015-05-27'),
    (12494,2203, '2013-04-29','2015-08-30'),
    (12495,2403, '2012-08-15','2015-08-16'),
    (12496,2603, '2014-05-10','2015-05-11'),
    (12497,3103, '2015-03-07','2015-07-08'),
    (12498,3303, '2014-11-17','2015-07-18'),
    (12499,3403, '2012-11-01','2015-07-02'),
    (12500,3503, '2013-10-06','2015-06-07'),
    (12501,3603, '2013-11-12','2015-07-13'),
    (12502,4303, '2012-10-11','2015-06-12'),
    (12503,4403, '2015-04-06','2015-08-07'),
    (12504,4503, '2012-12-17','2015-08-18'),
    (12505,4603, '2013-12-01','2015-08-02'),
    (12506,5103, '2014-10-12','2015-06-13'),
    (12507,5203, '2013-05-24','2015-05-25'),
    (12508,5303, '2014-05-19','2015-05-20'),
    (12509,5503, '2012-08-30','2015-08-31'),
    (12510,5603, '2014-08-12','2015-08-13'),
    (12511,1104, '2013-09-20','2015-05-21'),
    (12512,1204, '2014-04-22','2015-08-23'),
    (12513,1404, '2012-09-03','2015-05-04'),
    (12514,1504, '2012-09-20','2015-05-21'),
    (12515,1604, '2013-11-08','2015-07-09'),
    (12516,2104, '2013-03-16','2015-07-17'),
    (12517,2204, '2014-12-08','2015-08-09'),
    (12518,2304, '2014-01-23','2015-05-24'),
    (12519,2404, '2014-03-21','2015-07-22'),
    (12520,2504, '2012-09-25','2015-05-26'),
    (12521,2604, '2014-04-13','2015-08-14'),
    (12522,3104, '2014-04-12','2015-08-13'),
    (12523,3204, '2015-02-03','2015-06-04'),
    (12524,3404, '2013-06-25','2015-06-26'),
    (12525,4204, '2013-08-15','2015-08-16'),
    (12526,4304, '2013-04-28','2015-08-29'),
    (12527,4404, '2013-09-25','2015-05-26'),
    (12528,4504, '2013-02-16','2015-06-17'),
    (12529,5104, '2013-08-30','2015-08-31'),
    (12530,5204, '2014-07-11','2015-07-12'),
    (12531,5304, '2012-09-02','2015-05-03'),
    (12532,5404, '2014-07-31','2015-08-01'),
    (12533,5504, '2014-07-29','2015-07-30'),
    (12534,5604, '2014-07-18','2015-07-19'),
    (12535,1105, '2014-06-11','2015-06-12'),
    (12536,1205, '2013-11-14','2015-07-15'),
    (12537,1405, '2013-06-16','2015-06-17'),
    (12538,1505, '2014-03-24','2015-07-25'),
    (12539,1605, '2014-01-21','2015-05-22'),
    (12540,2205, '2013-12-10','2015-08-11'),
    (12541,2305, '2014-07-16','2015-07-17'),
    (12542,2405, '2013-05-26','2015-05-27'),
    (12543,2605, '2013-10-19','2015-06-20'),
    (12544,3105, '2012-11-16','2015-07-17'),
    (12545,3205, '2015-01-20','2015-05-21'),
    (12546,3305, '2014-06-18','2015-06-19'),
    (12547,3405, '2014-04-08','2015-08-09'),
    (12548,3505, '2013-06-11','2015-06-12'),
    (12549,3605, '2013-06-24','2015-06-25'),
    (12550,4105, '2013-06-08','2015-06-09'),
    (12551,4305, '2013-07-02','2015-07-03'),
    (12552,4405, '2012-09-13','2015-05-14'),
    (12553,5105, '2013-05-20','2015-05-21'),
    (12554,5205, '2013-08-28','2015-08-29'),
    (12555,5305, '2014-03-12','2015-07-13'),
    (12556,5505, '2014-08-22','2015-08-23'),
    (12557,1106, '2012-12-20','2015-08-21'),
    (12558,1206, '2013-03-04','2015-07-05'),
    (12559,1306, '2013-01-05','2015-05-06'),
    (12560,1506, '2013-06-19','2015-06-20'),
    (12561,1606, '2013-01-24','2015-05-25'),
    (12562,2106, '2013-04-29','2015-08-30'),
    (12563,2306, '2014-12-17','2015-08-18'),
    (12564,2406, '2012-10-08','2015-06-09'),
    (12565,2506, '2012-10-28','2015-06-29'),
    (12566,2606, '2012-08-25','2015-08-26'),
    (12567,3106, '2013-05-01','2015-05-02'),
    (12568,3206, '2014-04-19','2015-08-20'),
    (12569,3306, '2013-05-06','2015-05-07'),
    (12570,3406, '2013-09-06','2015-05-07'),
    (12571,3606, '2012-11-25','2015-07-26'),
    (12572,4106, '2012-10-15','2015-06-16'),
    (12573,4206, '2013-11-21','2015-07-22'),
    (12574,4306, '2014-10-21','2015-06-22'),
    (12575,4406, '2015-01-08','2015-05-09'),
    (12576,4506, '2012-08-17','2015-08-18'),
    (12577,4606, '2014-01-07','2015-05-08'),
    (12578,5106, '2013-11-09','2015-07-10'),
    (12579,5206, '2014-12-11','2015-08-12'),
    (12580,5306, '2015-02-07','2015-06-08'),
    (12581,5406, '2013-12-26','2015-08-27'),
    (12582,5506, '2015-02-09','2015-06-10'),
    (12583,5606, '2014-10-26','2015-06-27'),
    (12584,1107, '2014-01-13','2015-05-14'),
    (12585,1307, '2012-11-24','2015-07-25'),
    (12586,1407, '2013-10-01','2015-06-02'),
    (12587,1507, '2014-04-19','2015-08-20'),
    (12588,1607, '2012-11-19','2015-07-20'),
    (12589,2107, '2015-03-29','2015-07-30'),
    (12590,2207, '2015-03-09','2015-07-10'),
    (12591,2307, '2014-06-16','2015-06-17'),
    (12592,2507, '2013-05-30','2015-05-31'),
    (12593,2607, '2013-09-23','2015-05-24'),
    (12594,3107, '2013-01-08','2015-05-09'),
    (12595,3507, '2013-08-18','2015-08-19'),
    (12596,3607, '2014-06-29','2015-06-30'),
    (12597,4107, '2014-02-05','2015-06-06'),
    (12598,4207, '2013-07-12','2015-07-13'),
    (12599,4307, '2012-12-31','2015-05-01'),
    (12600,4507, '2013-03-27','2015-07-28'),
    (12601,4607, '2013-07-13','2015-07-14'),
    (12602,5107, '2014-08-22','2015-08-23'),
    (12603,5207, '2013-01-26','2015-05-27'),
    (12604,5307, '2014-05-14','2015-05-15'),
    (12605,5407, '2015-03-27','2015-07-28'),
    (12606,5507, '2013-05-25','2015-05-26'),
    (12607,5607, '2014-04-21','2015-08-22'),
    (12608,1108, '2012-10-30','2015-07-01'),
    (12609,1208, '2014-12-25','2015-08-26'),
    (12610,1308, '2014-07-29','2015-07-30'),
    (12611,1508, '2015-01-17','2015-05-18'),
    (12612,1608, '2015-01-08','2015-05-09'),
    (12613,2108, '2015-02-08','2015-06-09'),
    (12614,2308, '2012-11-18','2015-07-19'),
    (12615,2408, '2012-11-22','2015-07-23'),
    (12616,2508, '2015-02-14','2015-06-15'),
    (12617,2608, '2015-03-16','2015-07-17'),
    (12618,3108, '2014-05-02','2015-05-03'),
    (12619,3308, '2013-10-03','2015-06-04'),
    (12620,3408, '2013-05-27','2015-05-28'),
    (12621,3508, '2012-10-12','2015-06-13'),
    (12622,3608, '2013-02-22','2015-06-23'),
    (12623,4208, '2012-09-24','2015-05-25'),
    (12624,4308, '2012-09-19','2015-05-20'),
    (12625,4408, '2014-01-12','2015-05-13'),
    (12626,4508, '2012-09-09','2015-05-10'),
    (12627,4608, '2013-01-29','2015-05-30'),
    (12628,5108, '2013-12-11','2015-08-12'),
    (12629,5208, '2014-04-20','2015-08-21'),
    (12630,5308, '2013-06-25','2015-06-26'),
    (12631,5408, '2013-03-28','2015-07-29'),
    (12632,5508, '2015-03-04','2015-07-05'),
    (12633,5608, '2013-10-12','2015-06-13'),
    (12634,1109, '2014-06-20','2015-06-21'),
    (12635,1309, '2013-05-17','2015-05-18'),
    (12636,1409, '2014-12-30','2015-08-31'),
    (12637,1509, '2013-01-01','2015-05-02'),
    (12638,2109, '2012-08-28','2015-08-29'),
    (12639,2209, '2012-12-24','2015-08-25'),
    (12640,2309, '2014-07-04','2015-07-05'),
    (12641,2409, '2014-06-24','2015-06-25'),
    (12642,2509, '2013-11-14','2015-07-15'),
    (12643,2609, '2012-12-26','2015-08-27'),
    (12644,3109, '2014-12-23','2015-08-24'),
    (12645,3209, '2012-09-20','2015-05-21'),
    (12646,3309, '2014-01-01','2015-05-02'),
    (12647,3509, '2014-07-05','2015-07-06'),
    (12648,3609, '2014-11-04','2015-07-05'),
    (12649,4209, '2012-12-14','2015-08-15'),
    (12650,4509, '2014-02-11','2015-06-12'),
    (12651,4609, '2013-07-08','2015-07-09'),
    (12652,5109, '2013-06-26','2015-06-27'),
    (12653,5209, '2012-12-10','2015-08-11'),
    (12654,5409, '2014-01-22','2015-05-23'),
    (12655,5509, '2012-11-27','2015-07-28'),
    (12656,5609, '2014-11-22','2015-07-23'),
    (12657,1110, '2013-05-14','2015-05-15'),
    (12658,1210, '2014-07-24','2015-07-25'),
    (12659,1310, '2013-01-23','2015-05-24'),
    (12660,1410, '2014-05-05','2015-05-06'),
    (12661,1510, '2013-07-13','2015-07-14'),
    (12662,1610, '2012-09-08','2015-05-09'),
    (12663,2110, '2013-09-10','2015-05-11'),
    (12664,2210, '2012-12-15','2015-08-16'),
    (12665,2310, '2014-10-26','2015-06-27'),
    (12666,2410, '2014-06-09','2015-06-10'),
    (12667,2510, '2013-06-26','2015-06-27'),
    (12668,2610, '2014-01-26','2015-05-27'),
    (12669,3110, '2013-01-03','2015-05-04'),
    (12670,3210, '2015-03-07','2015-07-08'),
    (12671,3310, '2014-06-20','2015-06-21'),
    (12672,3410, '2014-07-03','2015-07-04'),
    (12673,3510, '2014-09-26','2015-05-27'),
    (12674,3610, '2012-12-27','2015-08-28'),
    (12675,4110, '2012-12-20','2015-08-21'),
    (12676,4210, '2013-04-03','2015-08-04'),
    (12677,4310, '2014-08-22','2015-08-23'),
    (12678,4410, '2013-11-10','2015-07-11'),
    (12679,4510, '2015-02-01','2015-06-02'),
    (12680,4610, '2013-02-10','2015-06-11'),
    (12681,5110, '2012-09-28','2015-05-29'),
    (12682,5210, '2014-06-18','2015-06-19'),
    (12683,5310, '2015-04-13','2015-08-14'),
    (12684,5510, '2013-09-09','2015-05-10'),
    (12685,5610, '2014-12-27','2015-08-28'),
    (12686,1311, '2014-03-17','2015-07-18'),
    (12687,1411, '2015-01-14','2015-05-15'),
    (12688,1511, '2013-12-12','2015-08-13'),
    (12689,1611, '2013-01-09','2015-05-10'),
    (12690,2111, '2014-11-16','2015-07-17'),
    (12691,2211, '2013-06-05','2015-06-06'),
    (12692,2311, '2012-12-21','2015-08-22'),
    (12693,2411, '2013-07-22','2015-07-23'),
    (12694,2511, '2015-03-22','2015-07-23'),
    (12695,3111, '2013-09-22','2015-05-23'),
    (12696,3211, '2014-10-14','2015-06-15'),
    (12697,3311, '2014-06-02','2015-06-03'),
    (12698,3411, '2015-01-06','2015-05-07'),
    (12699,3511, '2014-05-26','2015-05-27'),
    (12700,3611, '2013-08-01','2015-08-02'),
    (12701,4111, '2013-08-10','2015-08-11'),
    (12702,4211, '2013-08-18','2015-08-19'),
    (12703,4311, '2013-11-22','2015-07-23'),
    (12704,4411, '2013-07-25','2015-07-26'),
    (12705,4611, '2014-11-30','2015-08-01'),
    (12706,5111, '2013-06-07','2015-06-08'),
    (12707,5211, '2014-11-11','2015-07-12'),
    (12708,5311, '2013-07-27','2015-07-28'),
    (12709,5411, '2012-12-01','2015-08-02'),
    (12710,5611, '2013-01-04','2015-05-05'),
    (12711,1201, '2015-05-26','2015-09-27'),
    (12712,3101, '2015-05-02','2015-09-03'),
    (12713,3401, '2015-05-16','2015-09-17'),
    (12714,1302, '2015-05-11','2015-09-12'),
    (12715,1502, '2015-05-18','2015-09-19'),
    (12716,2402, '2015-05-14','2015-09-15'),
    (12717,2602, '2015-05-14','2015-09-15'),
    (12718,1404, '2015-05-04','2015-09-05'),
    (12719,1504, '2015-05-21','2015-09-22'),
    (12720,4404, '2015-05-26','2015-09-27'),
    (12721,2405, '2015-05-27','2015-09-28'),
    (12722,4405, '2015-05-14','2015-09-15'),
    (12723,1306, '2015-05-06','2015-09-07'),
    (12724,1606, '2015-05-25','2015-09-26'),
    (12725,4406, '2015-05-09','2015-09-10'),
    (12726,2607, '2015-05-24','2015-09-25'),
    (12727,3107, '2015-05-09','2015-09-10'),
    (12728,4307, '2015-05-01','2015-09-02'),
    (12729,5507, '2015-05-26','2015-09-27'),
    (12730,3108, '2015-05-03','2015-09-04'),
    (12731,3408, '2015-05-28','2015-09-29'),
    (12732,4208, '2015-05-25','2015-09-26'),
    (12733,4308, '2015-05-20','2015-09-21'),
    (12734,4408, '2015-05-13','2015-09-14'),
    (12735,4508, '2015-05-10','2015-09-11'),
    (12736,1509, '2015-05-02','2015-09-03'),
    (12737,3209, '2015-05-21','2015-09-22'),
    (12738,3309, '2015-05-02','2015-09-03'),
    (12739,5409, '2015-05-23','2015-09-24'),
    (12740,1410, '2015-05-06','2015-09-07'),
    (12741,2110, '2015-05-11','2015-09-12'),
    (12742,3510, '2015-05-27','2015-09-28'),
    (12743,5510, '2015-05-10','2015-09-11'),
    (12744,1411, '2015-05-15','2015-09-16'),
    (12745,1611, '2015-05-10','2015-09-11'),
    (12746,3111, '2015-05-23','2015-09-24'),
    (12747,3411, '2015-05-07','2015-09-08'),
    (12748,3511, '2015-05-27','2015-09-28'),
    (12749,1111, '2015-04-30','2015-09-01'),
    (12750,1406, '2015-04-30','2015-09-01'),
    (12751,1107, '2015-05-14','2015-09-15'),
    (12752,1305, '2015-04-30','2015-09-01'),
    (12753,1605, '2015-05-22','2015-09-23'),
    (12754,1209, '2015-04-30','2015-09-01'),
    (12755,1211, '2015-04-30','2015-09-01'),
    (12756,1603, '2015-04-30','2015-09-01'),
    (12757,1402, '2015-04-30','2015-09-01'),
    (12758,1207, '2015-04-30','2015-09-01'),
    (12759,3602, '2015-05-01','2015-09-02'),
    (12760,1309, '2015-05-18','2015-09-19'),
    (12761,2103, '2015-05-27','2015-09-28'),
    (12762,1401, '2015-04-30','2015-09-01'),
    (12763,2206, '2015-04-30','2015-09-01'),
    (12764,2611, '2015-04-30','2015-09-01'),
    (12765,1104, '2015-05-21','2015-09-22'),
    (12766,1408, '2015-04-30','2015-09-01'),
    (12767,1304, '2015-04-30','2015-09-01'),
    (12768,1508, '2015-05-18','2015-09-19'),
    (12769,2407, '2015-04-30','2015-09-01'),
    (12770,4102, '2015-05-09','2015-09-10'),
    (12771,3106, '2015-05-02','2015-09-03'),
    (12772,4202, '2015-04-30','2015-09-01'),
    (12773,2303, '2015-04-30','2015-09-01'),
    (12774,3306, '2015-05-07','2015-09-08'),
    (12775,1301, '2015-06-10','2015-10-11'),
    (12776,4201, '2015-06-15','2015-10-16'),
    (12777,5101, '2015-06-12','2015-10-13'),
    (12778,3502, '2015-06-30','2015-07-01'),
    (12779,5502, '2015-06-07','2015-10-08'),
    (12780,3503, '2015-06-07','2015-10-08'),
    (12781,4504, '2015-06-17','2015-10-18'),
    (12782,1405, '2015-06-17','2015-10-18'),
    (12783,3305, '2015-06-19','2015-10-20'),
    (12784,3605, '2015-06-25','2015-10-26'),
    (12785,2406, '2015-06-09','2015-10-10'),
    (12786,2506, '2015-06-29','2015-10-30'),
    (12787,5506, '2015-06-10','2015-10-11'),
    (12788,5606, '2015-06-27','2015-10-28'),
    (12789,1407, '2015-06-02','2015-10-03'),
    (12790,2108, '2015-06-09','2015-10-10'),
    (12791,2508, '2015-06-15','2015-10-16'),
    (12792,3508, '2015-06-13','2015-10-14'),
    (12793,5308, '2015-06-26','2015-10-27'),
    (12794,5608, '2015-06-13','2015-10-14'),
    (12795,1109, '2015-06-21','2015-10-22'),
    (12796,4509, '2015-06-12','2015-10-13'),
    (12797,2310, '2015-06-27','2015-10-28'),
    (12798,4510, '2015-06-02','2015-10-03'),
    (12799,3211, '2015-06-15','2015-10-16'),
    (12800,5111, '2015-06-08','2015-10-09'),
    (12801,1506, '2015-06-20','2015-10-21'),
    (12802,3406, '2015-05-07','2015-09-08'),
    (12803,1110, '2015-05-15','2015-09-16'),
    (12804,1105, '2015-06-12','2015-10-13'),
    (12805,1501, '2015-06-21','2015-10-22'),
    (12806,1609, '2015-04-30','2015-09-01'),
    (12807,2307, '2015-06-17','2015-10-18'),
    (12808,2105, '2015-04-30','2015-09-01'),
    (12809,1203, '2015-06-29','2015-10-30'),
    (12810,2211, '2015-06-06','2015-10-07'),
    (12811,3311, '2015-06-03','2015-10-04'),
    (12812,2409, '2015-06-25','2015-10-26'),
    (12813,2505, '2015-04-30','2015-09-01'),
    (12814,4511, '2015-04-30','2015-09-01'),
    (12815,1503, '2015-06-29','2015-10-30'),
    (12816,2605, '2015-06-20','2015-10-21'),
    (12817,5511, '2015-04-30','2015-09-01'),
    (12818,1108, '2015-07-01','2015-07-02'),
    (12819,1310, '2015-05-24','2015-09-25'),
    (12820,3205, '2015-05-21','2015-09-22'),
    (12821,2304, '2015-05-24','2015-09-25'),
    (12822,4401, '2015-07-09','2015-11-10'),
    (12823,5501, '2015-07-09','2015-11-10'),
    (12824,1202, '2015-07-31','2015-08-01'),
    (12825,2502, '2015-07-02','2015-11-03'),
    (12826,3102, '2015-07-14','2015-11-15'),
    (12827,5602, '2015-07-21','2015-11-22'),
    (12828,1303, '2015-07-25','2015-11-26'),
    (12829,3103, '2015-07-08','2015-11-09'),
    (12830,3303, '2015-07-18','2015-11-19'),
    (12831,5204, '2015-07-12','2015-11-13'),
    (12832,5504, '2015-07-30','2015-12-01'),
    (12833,1505, '2015-07-25','2015-11-26'),
    (12834,2305, '2015-07-17','2015-11-18'),
    (12835,4305, '2015-07-03','2015-11-04'),
    (12836,1206, '2015-07-05','2015-11-06'),
    (12837,4206, '2015-07-22','2015-11-23'),
    (12838,5106, '2015-07-10','2015-11-11'),
    (12839,1307, '2015-07-25','2015-11-26'),
    (12840,1607, '2015-07-20','2015-11-21'),
    (12841,2107, '2015-07-30','2015-12-01'),
    (12842,4207, '2015-07-13','2015-11-14'),
    (12843,4507, '2015-07-28','2015-11-29'),
    (12844,5408, '2015-07-29','2015-11-30'),
    (12845,2309, '2015-07-05','2015-11-06'),
    (12846,2509, '2015-07-15','2015-11-16'),
    (12847,3609, '2015-07-05','2015-11-06'),
    (12848,4609, '2015-07-09','2015-11-10'),
    (12849,5609, '2015-07-23','2015-11-24'),
    (12850,1510, '2015-07-14','2015-11-15'),
    (12851,3410, '2015-07-04','2015-11-05'),
    (12852,4410, '2015-07-11','2015-11-12'),
    (12853,1311, '2015-07-18','2015-11-19'),
    (12854,2111, '2015-07-17','2015-11-18'),
    (12855,2411, '2015-07-23','2015-11-24'),
    (12856,2511, '2015-07-23','2015-11-24'),
    (12857,4311, '2015-07-23','2015-11-24'),
    (12858,5211, '2015-07-12','2015-11-13'),
    (12859,3502, '2015-07-01','2015-11-02'),
    (12860,1108, '2015-07-02','2015-11-03'),
    (12861,1102, '2015-06-30','2015-11-01'),
    (12862,2207, '2015-07-10','2015-11-11'),
    (12863,1602, '2015-07-11','2015-11-12'),
    (12864,3506, '2015-04-30','2015-09-01'),
    (12865,1308, '2015-07-30','2015-12-01'),
    (12866,3409, '2015-04-30','2015-09-01'),
    (12867,3509, '2015-07-06','2015-11-07'),
    (12868,1210, '2015-07-25','2015-11-26'),
    (12869,1608, '2015-05-09','2015-09-10'),
    (12870,3202, '2015-06-05','2015-10-06'),
    (12871,2503, '2015-04-30','2015-09-01'),
    (12872,4411, '2015-07-26','2015-11-27'),
    (12873,1604, '2015-07-09','2015-11-10'),
    (12874,2104, '2015-07-17','2015-11-18'),
    (12875,2208, '2015-04-30','2015-09-01'),
    (12876,2603, '2015-05-11','2015-09-12'),
    (12877,2404, '2015-07-22','2015-11-23'),
    (12878,2308, '2015-07-19','2015-11-20'),
    (12879,5311, '2015-07-28','2015-11-29'),
    (12880,1205, '2015-07-15','2015-11-16'),
    (12881,2507, '2015-05-31','2015-10-01'),
    (12882,5611, '2015-05-05','2015-09-06'),
    (12883,3302, '2015-06-05','2015-10-06'),
    (12884,1101, '2015-07-04','2015-11-05'),
    (12885,2601, '2015-08-18','2015-12-19'),
    (12886,4601, '2015-08-21','2015-12-22'),
    (12887,4502, '2015-08-09','2015-12-10'),
    (12888,1403, '2015-08-04','2015-12-05'),
    (12889,4403, '2015-08-07','2015-12-08'),
    (12890,4503, '2015-08-18','2015-12-19'),
    (12891,5603, '2015-08-13','2015-12-14'),
    (12892,2604, '2015-08-14','2015-12-15'),
    (12893,5104, '2015-08-31','2015-09-01'),
    (12894,5404, '2015-08-01','2015-12-02'),
    (12895,3405, '2015-08-09','2015-12-10'),
    (12896,5205, '2015-08-29','2015-12-30'),
    (12897,5505, '2015-08-23','2015-12-24'),
    (12898,1106, '2015-08-21','2015-12-22'),
    (12899,2606, '2015-08-26','2015-12-27'),
    (12900,4506, '2015-08-18','2015-12-19'),
    (12901,5206, '2015-08-12','2015-12-13'),
    (12902,5406, '2015-08-27','2015-12-28'),
    (12903,5607, '2015-08-22','2015-12-23'),
    (12904,1208, '2015-08-26','2015-12-27'),
    (12905,5108, '2015-08-12','2015-12-13'),
    (12906,5208, '2015-08-21','2015-12-22'),
    (12907,2109, '2015-08-29','2015-12-30'),
    (12908,2609, '2015-08-27','2015-12-28'),
    (12909,4209, '2015-08-15','2015-12-16'),
    (12910,5209, '2015-08-11','2015-12-12'),
    (12911,2210, '2015-08-16','2015-12-17'),
    (12912,3610, '2015-08-28','2015-12-29'),
    (12913,4110, '2015-08-21','2015-12-22'),
    (12914,5310, '2015-08-14','2015-12-15'),
    (12915,1511, '2015-08-13','2015-12-14'),
    (12916,3611, '2015-08-02','2015-12-03'),
    (12917,4111, '2015-08-11','2015-12-12'),
    (12918,4211, '2015-08-19','2015-12-20'),
    (12919,5411, '2015-08-02','2015-12-03'),
    (12920,1202, '2015-08-01','2015-12-02'),
    (12921,1601, '2015-07-21','2015-11-22'),
    (12922,2106, '2015-08-30','2015-12-31'),
    (12923,1409, '2015-08-31','2015-09-01'),
    (12924,2101, '2015-05-06','2015-09-07'),
    (12925,2201, '2015-06-03','2015-10-04'),
    (12926,1507, '2015-08-20','2015-12-21'),
    (12927,1610, '2015-05-09','2015-09-10'),
    (12928,2209, '2015-08-25','2015-12-26'),
    (12929,2102, '2015-08-16','2015-12-17'),
    (12930,2202, '2015-08-15','2015-12-16'),
    (12931,2301, '2015-04-30','2015-09-01'),
    (12932,2302, '2015-08-13','2015-12-14'),
    (12933,2401, '2015-04-30','2015-09-01'),
    (12934,1204, '2015-08-23','2015-12-24'),
    (12935,3207, '2015-04-30','2015-09-01'),
    (12936,2311, '2015-08-22','2015-12-23'),
    (12937,2501, '2015-07-31','2015-12-01'),
    (12938,2408, '2015-07-23','2015-11-24'),
    (12939,1103, '2015-08-22','2015-12-23'),
    (12940,4611, '2015-08-01','2015-12-02'),
    (12941,2306, '2015-08-18','2015-12-19'),
    (12942,2204, '2015-08-09','2015-12-10'),
    (12943,3402, '2015-06-06','2015-10-07'),
    (12944,3307, '2015-04-30','2015-09-01'),
    (12945,1302, '2015-09-12','2016-01-13'),
    (12946,1502, '2015-09-19','2016-01-20'),
    (12947,2602, '2015-09-15','2016-01-16'),
    (12948,4405, '2015-09-15','2016-01-16'),
    (12949,4406, '2015-09-10','2016-01-11'),
    (12950,3107, '2015-09-10','2016-01-11'),
    (12951,4307, '2015-09-02','2016-01-03'),
    (12952,3108, '2015-09-04','2016-01-05'),
    (12953,3408, '2015-09-29','2016-01-30'),
    (12954,4408, '2015-09-14','2016-01-15'),
    (12955,3209, '2015-09-22','2016-01-23'),
    (12956,3309, '2015-09-03','2016-01-04'),
    (12957,1410, '2015-09-07','2016-01-08'),
    (12958,2110, '2015-09-12','2016-01-13'),
    (12959,5510, '2015-09-11','2016-01-12'),
    (12960,3111, '2015-09-24','2016-01-25'),
    (12961,3511, '2015-09-28','2016-01-29'),
    (12962,1111, '2015-09-01','2016-01-02'),
    (12963,1209, '2015-09-01','2016-01-02'),
    (12964,3602, '2015-09-02','2016-01-03'),
    (12965,1401, '2015-09-01','2016-01-02'),
    (12966,2206, '2015-09-01','2016-01-02'),
    (12967,1104, '2015-09-22','2016-01-23'),
    (12968,1408, '2015-09-01','2016-01-02'),
    (12969,4102, '2015-09-10','2016-01-11'),
    (12970,4202, '2015-09-01','2016-01-02'),
    (12971,3306, '2015-09-08','2016-01-09'),
    (12972,1609, '2015-09-01','2016-01-02'),
    (12973,2105, '2015-09-01','2016-01-02'),
    (12974,3205, '2015-09-22','2016-01-23'),
    (12975,2208, '2015-09-01','2016-01-02'),
    (12976,5611, '2015-09-06','2016-01-07'),
    (12977,5104, '2015-09-01','2016-01-02'),
    (12978,2101, '2015-09-07','2016-01-08'),
    (12979,2301, '2015-09-01','2016-01-02'),
    (12980,2401, '2015-09-01','2016-01-02'),
    (12981,3207, '2015-09-01','2016-01-02'),
    (12982,1305, '2015-09-01','2016-01-02'),
    (12983,1605, '2015-09-23','2016-01-24'),
    (12984,1402, '2015-09-01','2016-01-02'),
    (12985,1306, '2015-09-07','2016-01-08'),
    (12986,1110, '2015-09-16','2016-01-17'),
    (12987,1603, '2015-09-01','2016-01-02'),
    (12988,1211, '2015-09-01','2016-01-02'),
    (12989,1309, '2015-09-19','2016-01-20'),
    (12990,1508, '2015-09-19','2016-01-20'),
    (12991,1406, '2015-09-01','2016-01-02'),
    (12992,2103, '2015-09-28','2016-01-29'),
    (12993,2203, '2015-08-30','2015-12-31'),
    (12994,2303, '2015-09-01','2016-01-02'),
    (12995,2205, '2015-08-11','2015-12-12'),
    (12996,2402, '2015-09-15','2016-01-16'),
    (12997,4302, '2015-04-30','2016-01-01'),
    (12998,1201, '2015-09-27','2016-01-28'),
    (12999,1411, '2015-09-16','2016-01-17'),
    (13000,1608, '2015-09-10','2016-01-11'),
    (13001,2608, '2015-07-17','2015-11-18'),
    (13002,1310, '2015-09-25','2016-01-26'),
    (13003,3208, '2015-04-30','2016-01-01'),
    (13004,1611, '2015-09-11','2016-01-12'),
    (13005,4201, '2015-10-16','2016-02-17'),
    (13006,5502, '2015-10-08','2016-02-09'),
    (13007,3503, '2015-10-08','2016-02-09'),
    (13008,1405, '2015-10-18','2016-02-19'),
    (13009,2406, '2015-10-10','2016-02-11'),
    (13010,1407, '2015-10-03','2016-02-04'),
    (13011,2108, '2015-10-10','2016-02-11'),
    (13012,3508, '2015-10-14','2016-02-15'),
    (13013,5608, '2015-10-14','2016-02-15'),
    (13014,1109, '2015-10-22','2016-02-23'),
    (13015,4509, '2015-10-13','2016-02-14'),
    (13016,4510, '2015-10-03','2016-02-04'),
    (13017,5111, '2015-10-09','2016-02-10'),
    (13018,1105, '2015-10-13','2016-02-14'),
    (13019,1501, '2015-10-22','2016-02-23'),
    (13020,2307, '2015-10-18','2016-02-19'),
    (13021,1203, '2015-10-30','2016-03-02'),
    (13022,2211, '2015-10-07','2016-02-08'),
    (13023,1503, '2015-10-30','2016-03-02'),
    (13024,2605, '2015-10-21','2016-02-22'),
    (13025,3302, '2015-10-06','2016-02-07'),
    (13026,2201, '2015-10-04','2016-02-05'),
    (13027,2403, '2015-08-16','2015-12-17'),
    (13028,3202, '2015-10-06','2016-02-07'),
    (13029,3402, '2015-10-07','2016-02-08'),
    (13030,1409, '2015-09-01','2016-01-02'),
    (13031,1304, '2015-09-01','2016-01-02'),
    (13032,1610, '2015-09-10','2016-01-11'),
    (13033,1506, '2015-10-21','2016-02-22'),
    (13034,2508, '2015-10-16','2016-02-17'),
    (13035,4402, '2015-05-05','2016-01-06'),
    (13036,4602, '2015-08-15','2015-12-16'),
    (13037,1107, '2015-09-15','2016-01-16'),
    (13038,2611, '2015-09-01','2016-01-02'),
    (13039,1301, '2015-10-11','2016-02-12'),
    (13040,2503, '2015-09-01','2016-01-02'),
    (13041,2310, '2015-10-28','2016-02-29'),
    (13042,1606, '2015-09-26','2016-01-27'),
    (13043,2506, '2015-10-30','2016-03-02'),
    (13044,3106, '2015-09-03','2016-01-04'),
    (13045,3308, '2015-06-04','2016-02-05'),
    (13046,2502, '2015-11-03','2016-03-04'),
    (13047,5602, '2015-11-22','2016-03-23'),
    (13048,3103, '2015-11-09','2016-03-10'),
    (13049,3303, '2015-11-19','2016-03-20'),
    (13050,2305, '2015-11-18','2016-03-19'),
    (13051,5106, '2015-11-11','2016-03-12'),
    (13052,1307, '2015-11-26','2016-03-27'),
    (13053,1607, '2015-11-21','2016-03-22'),
    (13054,4207, '2015-11-14','2016-03-15'),
    (13055,4507, '2015-11-29','2016-03-30'),
    (13056,5408, '2015-11-30','2015-12-01'),
    (13057,2509, '2015-11-16','2016-03-17'),
    (13058,4609, '2015-11-10','2016-03-11'),
    (13059,5609, '2015-11-24','2016-03-25'),
    (13060,3410, '2015-11-05','2016-03-06'),
    (13061,4410, '2015-11-12','2016-03-13'),
    (13062,2511, '2015-11-24','2016-03-25'),
    (13063,4311, '2015-11-24','2016-03-25'),
    (13064,5211, '2015-11-13','2016-03-14'),
    (13065,3502, '2015-11-02','2016-03-03'),
    (13066,1108, '2015-11-03','2016-03-04'),
    (13067,2207, '2015-11-11','2016-03-12'),
    (13068,3509, '2015-11-07','2016-03-08'),
    (13069,1604, '2015-11-10','2016-03-11'),
    (13070,2104, '2015-11-18','2016-03-19'),
    (13071,2404, '2015-11-23','2016-03-24'),
    (13072,2308, '2015-11-20','2016-03-21'),
    (13073,5311, '2015-11-29','2016-03-30'),
    (13074,1101, '2015-11-05','2016-03-06'),
    (13075,1205, '2015-11-16','2016-03-17'),
    (13076,1509, '2015-09-03','2016-01-04'),
    (13077,1206, '2015-11-06','2016-03-07'),
    (13078,1311, '2015-11-19','2016-03-20'),
    (13079,1308, '2015-12-01','2015-12-02'),
    (13080,1303, '2015-11-26','2016-03-27'),
    (13081,1102, '2015-11-01','2016-03-02'),
    (13082,3206, '2015-08-20','2015-12-21'),
    (13083,1602, '2015-11-12','2016-03-13'),
    (13084,1207, '2015-09-01','2016-01-02'),
    (13085,2309, '2015-11-06','2016-03-07'),
    (13086,2603, '2015-09-12','2016-01-13'),
    (13087,3406, '2015-09-08','2016-01-09'),
    (13088,2408, '2015-11-24','2016-03-25'),
    (13089,3102, '2015-11-15','2016-03-16'),
    (13090,2107, '2015-12-01','2015-12-02'),
    (13091,2608, '2015-11-18','2016-03-19'),
    (13092,2111, '2015-11-18','2016-03-19'),
    (13093,1404, '2015-09-05','2016-01-06'),
    (13094,3203, '2015-04-30','2016-01-01'),
    (13095,3403, '2015-07-02','2016-03-03'),
    (13096,2411, '2015-11-24','2016-03-25'),
    (13097,3506, '2015-09-01','2016-01-02'),
    (13098,2409, '2015-10-26','2016-02-27'),
    (13099,1403, '2015-12-05','2016-04-06'),
    (13100,4403, '2015-12-08','2016-04-09'),
    (13101,5603, '2015-12-14','2016-04-15'),
    (13102,5404, '2015-12-02','2016-04-03'),
    (13103,3405, '2015-12-10','2016-04-11'),
    (13104,1106, '2015-12-22','2016-04-23'),
    (13105,2606, '2015-12-27','2016-04-28'),
    (13106,5108, '2015-12-13','2016-04-14'),
    (13107,2210, '2015-12-17','2016-04-18'),
    (13108,1511, '2015-12-14','2016-04-15'),
    (13109,3611, '2015-12-03','2016-04-04'),
    (13110,4111, '2015-12-12','2016-04-13'),
    (13111,4211, '2015-12-20','2016-04-21'),
    (13112,5411, '2015-12-03','2016-04-04'),
    (13113,1202, '2015-12-02','2016-04-03'),
    (13114,1204, '2015-12-24','2016-04-25'),
    (13115,2311, '2015-12-23','2016-04-24'),
    (13116,2501, '2015-12-01','2016-04-02'),
    (13117,1103, '2015-12-23','2016-04-24'),
    (13118,4611, '2015-12-02','2016-04-03'),
    (13119,2203, '2015-12-31','2016-01-01'),
    (13120,2205, '2015-12-12','2016-04-13'),
    (13121,2403, '2015-12-17','2016-04-18'),
    (13122,4602, '2015-12-16','2016-04-17'),
    (13123,5408, '2015-12-01','2016-04-02'),
    (13124,1308, '2015-12-02','2016-04-03'),
    (13125,2107, '2015-12-02','2016-04-03'),
    (13126,1505, '2015-11-26','2016-03-27'),
    (13127,2109, '2015-12-30','2016-05-01'),
    (13128,2106, '2015-12-31','2016-01-01'),
    (13129,3211, '2015-10-16','2016-02-17'),
    (13130,1208, '2015-12-27','2016-04-28'),
    (13131,3603, '2015-07-13','2016-03-14'),
    (13132,2102, '2015-12-17','2016-04-18'),
    (13133,2306, '2015-12-19','2016-04-20'),
    (13134,2202, '2015-12-16','2016-04-17'),
    (13135,1507, '2015-12-21','2016-04-22'),
    (13136,2209, '2015-12-26','2016-04-27'),
    (13137,4103, '2015-04-30','2016-01-01'),
    (13138,3206, '2015-12-21','2016-04-22'),
    (13139,3608, '2015-06-23','2016-02-24'),
    (13140,2302, '2015-12-14','2016-04-15'),
    (13141,2407, '2015-09-01','2016-01-02'),
    (13142,4108, '2015-04-30','2016-01-01'),
    (13143,3311, '2015-10-04','2016-02-05'),
    (13144,1504, '2015-09-22','2016-01-23'),
    (13145,4203, '2015-04-30','2016-01-01'),
    (13146,4303, '2015-06-12','2016-02-13'),
    (13147,3411, '2015-09-08','2016-01-09'),
    (13148,3606, '2015-07-26','2016-03-27'),
    (13149,2609, '2015-12-28','2016-04-29'),
    (13150,4208, '2015-09-26','2016-01-27'),
    (13151,4405, '2016-01-16',NULL),
    (13152,4406, '2016-01-11',NULL),
    (13153,4307, '2016-01-03',NULL),
    (13154,3408, '2016-01-30',NULL),
    (13155,4408, '2016-01-15',NULL),
    (13156,1410, '2016-01-08',NULL),
    (13157,2110, '2016-01-13',NULL),
    (13158,3602, '2016-01-03',NULL),
    (13159,4202, '2016-01-02',NULL),
    (13160,3205, '2016-01-23',NULL),
    (13161,2208, '2016-01-02',NULL),
    (13162,5611, '2016-01-07',NULL),
    (13163,5104, '2016-01-02',NULL),
    (13164,2101, '2016-01-08',NULL),
    (13165,2301, '2016-01-02',NULL),
    (13166,1110, '2016-01-17',NULL),
    (13167,1603, '2016-01-02',NULL),
    (13168,1211, '2016-01-02',NULL),
    (13169,1309, '2016-01-20',NULL),
    (13170,1508, '2016-01-20',NULL),
    (13171,2303, '2016-01-02',NULL),
    (13172,2402, '2016-01-16',NULL),
    (13173,4302, '2016-01-01',NULL),
    (13174,1201, '2016-01-28',NULL),
    (13175,1411, '2016-01-17',NULL),
    (13176,1608, '2016-01-11',NULL),
    (13177,3208, '2016-01-01',NULL),
    (13178,1611, '2016-01-12',NULL),
    (13179,1610, '2016-01-11',NULL),
    (13180,2603, '2016-01-13',NULL),
    (13181,3406, '2016-01-09',NULL),
    (13182,1404, '2016-01-06',NULL),
    (13183,3203, '2016-01-01',NULL),
    (13184,3506, '2016-01-02',NULL),
    (13185,2203, '2016-01-01',NULL),
    (13186,2407, '2016-01-02',NULL),
    (13187,4108, '2016-01-01',NULL),
    (13188,1504, '2016-01-23',NULL),
    (13189,4203, '2016-01-01',NULL),
    (13190,3411, '2016-01-09',NULL),
    (13191,4208, '2016-01-27',NULL),
    (13192,1302, '2016-01-13',NULL),
    (13193,1107, '2016-01-16',NULL),
    (13194,1210, '2015-11-26','2016-03-27'),
    (13195,1408, '2016-01-02',NULL),
    (13196,3108, '2016-01-05',NULL),
    (13197,1402, '2016-01-02',NULL),
    (13198,1104, '2016-01-23',NULL),
    (13199,1207, '2016-01-02',NULL),
    (13200,4308, '2015-09-21',NULL),
    (13201,1305, '2016-01-02',NULL),
    (13202,2507, '2015-10-01','2016-02-02'),
    (13203,1306, '2016-01-08',NULL),
    (13204,1310, '2016-01-26',NULL),
    (13205,1502, '2016-01-20',NULL),
    (13206,1605, '2016-01-24',NULL),
    (13207,2103, '2016-01-29',NULL),
    (13208,4508, '2015-09-11',NULL),
    (13209,2607, '2015-09-25',NULL),
    (13210,2105, '2016-01-02',NULL),
    (13211,3107, '2016-01-11',NULL),
    (13212,1304, '2016-01-02',NULL),
    (13213,1406, '2016-01-02',NULL),
    (13214,1606, '2016-01-27',NULL),
    (13215,5502, '2016-02-09',NULL),
    (13216,3503, '2016-02-09',NULL),
    (13217,1405, '2016-02-19',NULL),
    (13218,2108, '2016-02-11',NULL),
    (13219,3508, '2016-02-15',NULL),
    (13220,5608, '2016-02-15',NULL),
    (13221,1109, '2016-02-23',NULL),
    (13222,4509, '2016-02-14',NULL),
    (13223,4510, '2016-02-04',NULL),
    (13224,5111, '2016-02-10',NULL),
    (13225,1501, '2016-02-23',NULL),
    (13226,2211, '2016-02-08',NULL),
    (13227,2605, '2016-02-22',NULL),
    (13228,3202, '2016-02-07',NULL),
    (13229,3402, '2016-02-08',NULL),
    (13230,1506, '2016-02-22',NULL),
    (13231,1301, '2016-02-12',NULL),
    (13232,2409, '2016-02-27',NULL),
    (13233,3608, '2016-02-24',NULL),
    (13234,4303, '2016-02-13',NULL),
    (13235,2507, '2016-02-02',NULL),
    (13236,1111, '2016-01-02',NULL),
    (13237,1407, '2016-02-04',NULL),
    (13238,1209, '2016-01-02',NULL),
    (13239,2611, '2016-01-02',NULL),
    (13240,1409, '2016-01-02',NULL),
    (13241,2508, '2016-02-17',NULL),
    (13242,1401, '2016-01-02',NULL),
    (13243,1105, '2016-02-14',NULL),
    (13244,1601, '2015-11-22','2016-03-23'),
    (13245,2201, '2016-02-05',NULL),
    (13246,2602, '2016-01-16',NULL),
    (13247,2401, '2016-01-02',NULL),
    (13248,3302, '2016-02-07',NULL),
    (13249,1509, '2016-01-04',NULL),
    (13250,1510, '2015-11-15','2016-03-16'),
    (13251,3111, '2016-01-25',NULL),
    (13252,1609, '2016-01-02',NULL),
    (13253,2204, '2015-12-10','2016-04-11'),
    (13254,2601, '2015-12-19','2016-04-20'),
    (13255,2502, '2016-03-04',NULL),
    (13256,3303, '2016-03-20',NULL),
    (13257,2305, '2016-03-19',NULL),
    (13258,5106, '2016-03-12',NULL),
    (13259,1307, '2016-03-27',NULL),
    (13260,4207, '2016-03-15',NULL),
    (13261,2509, '2016-03-17',NULL),
    (13262,4609, '2016-03-11',NULL),
    (13263,5609, '2016-03-25',NULL),
    (13264,3410, '2016-03-06',NULL),
    (13265,2511, '2016-03-25',NULL),
    (13266,4311, '2016-03-25',NULL),
    (13267,1108, '2016-03-04',NULL),
    (13268,2104, '2016-03-19',NULL),
    (13269,5311, '2016-03-30',NULL),
    (13270,1303, '2016-03-27',NULL),
    (13271,1102, '2016-03-02',NULL),
    (13272,1602, '2016-03-13',NULL),
    (13273,2111, '2016-03-19',NULL),
    (13274,1505, '2016-03-27',NULL),
    (13275,1210, '2016-03-27',NULL),
    (13276,1604, '2016-03-11',NULL),
    (13277,1203, '2016-03-02',NULL),
    (13278,2309, '2016-03-07',NULL),
    (13279,3102, '2016-03-16',NULL),
    (13280,1311, '2016-03-20',NULL),
    (13281,1206, '2016-03-07',NULL),
    (13282,3502, '2016-03-03',NULL),
    (13283,1205, '2016-03-17',NULL),
    (13284,1607, '2016-03-22',NULL),
    (13285,1503, '2016-03-02',NULL),
    (13286,2503, '2016-01-02',NULL),
    (13287,4102, '2016-01-11',NULL),
    (13288,1101, '2016-03-06',NULL),
    (13289,3103, '2016-03-10',NULL),
    (13290,2411, '2016-03-25',NULL),
    (13291,2405, '2015-09-28',NULL),
    (13292,2207, '2016-03-12',NULL),
    (13293,2106, '2016-01-01',NULL),
    (13294,3403, '2016-03-03',NULL),
    (13295,3109, '2015-08-24','2016-04-25'),
    (13296,4403, '2016-04-09',NULL),
    (13297,1106, '2016-04-23',NULL),
    (13298,2606, '2016-04-28',NULL),
    (13299,2210, '2016-04-18',NULL),
    (13300,4211, '2016-04-21',NULL),
    (13301,1204, '2016-04-25',NULL),
    (13302,1103, '2016-04-24',NULL),
    (13303,4611, '2016-04-03',NULL),
    (13304,2403, '2016-04-18',NULL),
    (13305,1308, '2016-04-03',NULL),
    (13306,2102, '2016-04-18',NULL),
    (13307,2202, '2016-04-17',NULL),
    (13308,2302, '2016-04-15',NULL),
    (13309,2609, '2016-04-29',NULL),
    (13310,2204, '2016-04-11',NULL),
    (13311,2601, '2016-04-20',NULL),
    (13312,2304, '2015-09-25',NULL),
    (13313,1403, '2016-04-06',NULL),
    (13314,2109, '2016-05-01',NULL),
    (13315,1202, '2016-04-03',NULL),
    (13316,1511, '2016-04-15',NULL),
    (13317,2206, '2016-01-02',NULL),
    (13318,4402, '2016-01-06',NULL),
    (13319,2205, '2016-04-13',NULL),
    (13320,1507, '2016-04-22',NULL),
    (13321,3603, '2016-03-14',NULL),
    (13322,4103, '2016-01-01',NULL),
    (13323,4502, '2015-12-10',NULL),
    (13324,1601, '2016-03-23',NULL),
    (13325,4503, '2015-12-19',NULL),
    (13326,2311, '2016-04-24',NULL),
    (13327,2505, '2015-09-01',NULL),
    (13328,2107, '2016-04-03',NULL),
    (13329,2306, '2016-04-20',NULL),
    (13330,4603, '2015-08-02',NULL),
    (13331,2209, '2016-04-27',NULL),
    (13332,3211, '2016-02-17',NULL),
    (13333,3109, '2016-04-25',NULL),
    (13334,2404, '2016-03-24',NULL)
;
--endregion

